Noticias Piura 3.0;https://noticiaspiura30.pe/;
Comunicatel;https://www.facebook.com/CNCPIURA/?locale=es_LA;
Diario El Tiempo;https://eltiempo.pe/;
Piura Tv;https://www.facebook.com/piuratvcanal/?locale=es_LA;
Walac Noticias;https://walac.pe/;
Radio Vice;https://www.facebook.com/radiovice840/?locale=es_LA;
La hora;https://lahora.pe/;
El Regional;https://elregionalpiura.com.pe/;
Cutivalu;https://www.cutivalu.pe/;
Exitosa Piura;https://www.exitosanoticias.pe/regiones/piura;
;;
;;
;;
;;
;;
;;
;;
;;
;;
;;
;;
;;
;;
